episode_id	micro_scene_id	life_domain	governed_scene_family	discourse_family	five_w_one_h	target_relations	support_language	review_status	source_fact_lineage	passage
U04-NEB-E001	U04-NEB-MS01	HOME	HOME_BEDROOM_LIVING	SCENE_DESCRIPTION	WHO,WHAT,WHERE	in,under,on,near,behind	and,while	PASS_GPT5_6_SOL_DIRECT_REVIEW	Leo in bedroom; toy car under bed; book on chair; shoes near door; ball behind box	Leo is in his bedroom. His toy car is under the bed, and his book is on the chair. His shoes are near the door, while his ball is behind a box.
U04-NEB-E002	U04-NEB-MS01	HOME	HOME_BEDROOM_LIVING	FINDING_SOMETHING	WHO,WHAT,WHERE,WHY,HOW	in,under,on,near,behind	and,still,look for	PASS_GPT5_6_SOL_DIRECT_REVIEW	Leo in bedroom; toy car under bed; book on chair; shoes near door; ball behind box	Leo is looking for his toy car in the bedroom. His book is on the chair, and his shoes are near the door. He checks under the bed and finds the car there. The ball is still behind the box.
U04-NEB-E003	U04-NEB-MS01	HOME	HOME_BEDROOM_LIVING	GETTING_READY	WHO,WHAT,WHERE,WHEN,WHY	under,on,near,behind	but,so,get ready	PASS_GPT5_6_SOL_DIRECT_REVIEW	toy car under bed; book on chair; shoes near door; ball behind box	Leo is getting ready for school. His shoes are near the door, but his book is on the chair. The toy car is under the bed, so he leaves it there. His ball is behind the box.
U04-NEB-E004	U04-NEB-MS02	HOME	HOME_BEDROOM_LIVING	PICTURE_OBSERVATION	WHO,WHAT,WHERE	in,on,under,near	and,with	PASS_GPT5_6_SOL_DIRECT_REVIEW	Mia in living room; cat on sofa; toy under sofa; lamp near sofa; books on table	Mia is in the living room with her cat. The cat is on the sofa, and its toy is under the sofa. A lamp is near the sofa, and some books are on the table.
U04-NEB-E005	U04-NEB-MS02	HOME	HOME_BEDROOM_LIVING	FINDING_SOMETHING	WHO,WHAT,WHERE,WHY,HOW	on,under,near	but,and,look under	PASS_GPT5_6_SOL_DIRECT_REVIEW	cat on sofa; toy under sofa; lamp near sofa	Mia wants the cat's toy. The cat is on the sofa, but the toy is under the sofa. A lamp is near the sofa, and Mia looks under the sofa and finds the toy there.
U04-NEB-E006	U04-NEB-MS02	HOME	HOME_BEDROOM_LIVING	TIDYING_UP	WHO,WHAT,WHERE,WHY,HOW	on,under,near	and,while	PASS_GPT5_6_SOL_DIRECT_REVIEW	cat on sofa; toy under sofa; lamp near sofa; books on table	Mia is tidying the living room. The books are on the table, and the lamp is near the sofa. The cat stays on the sofa while Mia reaches under the sofa for the toy.
U04-NEB-E007	U04-NEB-MS03	HOME	KITCHEN_DINING	DAILY_ROUTINE	WHO,WHAT,WHERE,WHEN	in,on,between,under,near	before,and	PASS_GPT5_6_SOL_DIRECT_REVIEW	Dad in kitchen; plates on table; cups between plates and bowl; cat under table; bag near door	Dad is in the kitchen before dinner. The plates are on the table, and the cups are between the plates and the bowl. The cat is under the table, and a bag is near the door.
U04-NEB-E008	U04-NEB-MS03	HOME	KITCHEN_DINING	PROBLEM_SOLUTION	WHO,WHAT,WHERE,WHY,HOW	on,between,near	and,already,so	PASS_GPT5_6_SOL_DIRECT_REVIEW	plates on table; cups between plates and bowl; bag near door	Dad is getting dinner ready. The plates are already on the table, and the cups are between the plates and the bowl. A bag is near the door, so he moves it out of the way.
U04-NEB-E009	U04-NEB-MS03	HOME	KITCHEN_DINING	SIMPLE_SEQUENCE	WHO,WHAT,WHERE,HOW	on,between,under	first,then,and	PASS_GPT5_6_SOL_DIRECT_REVIEW	plates on table; cups between plates and bowl; cat under table	Dad gets the table ready for dinner. First, he puts the plates on the table. Then he places the cups between the plates and the bowl. The cat waits under the table.
U04-NEB-E010	U04-NEB-MS04	CLASSROOM	SCHOOL_CLASSROOM_LEARNING	ARRIVAL	WHO,WHAT,WHERE,WHEN	in,under,on,near,behind	before,and,while	PASS_GPT5_6_SOL_DIRECT_REVIEW	Emma in classroom; bag under chair; book on desk; bottle near book; coat behind door	Emma is in the classroom before class. Her bag is under the chair, and her English book is on the desk. A bottle is near the book, while her coat is behind the door.
U04-NEB-E011	U04-NEB-MS04	CLASSROOM	SCHOOL_CLASSROOM_LEARNING	GETTING_READY	WHO,WHAT,WHERE,WHEN,WHY	under,on,behind	and,before,get ready	PASS_GPT5_6_SOL_DIRECT_REVIEW	bag under chair; book on desk; coat behind door	Emma is getting ready for class. Her English book is on the desk, and her bag is under the chair. She checks behind the door for her coat before the lesson starts.
U04-NEB-E012	U04-NEB-MS04	CLASSROOM	SCHOOL_CLASSROOM_LEARNING	GIVING_LOCATION	WHO,WHAT,WHERE	under,on,near,behind	and	PASS_GPT5_6_SOL_DIRECT_REVIEW	bag under chair; book on desk; bottle near book; coat behind door	Emma shows a friend where her things are. The book is on the desk, the bag is under the chair, and the coat is behind the door. The bottle is near the book.
U04-NEB-E013	U04-NEB-MS05	CLASSROOM	SCHOOL_CLASSROOM_LEARNING	FINDING_SOMETHING	WHO,WHAT,WHERE,WHY,HOW	at,inside,under,on,between	and,cannot find	PASS_GPT5_6_SOL_DIRECT_REVIEW	Ben at desk; pencil case inside bag; ruler under book; notebook on desk; eraser between notebook and pencil case	Ben is at his desk and cannot find his ruler. His notebook is on the desk, and the pencil case is inside his bag. He lifts a book and finds the ruler under it. His eraser is between the notebook and the pencil case.
U04-NEB-E014	U04-NEB-MS05	CLASSROOM	SCHOOL_CLASSROOM_LEARNING	MEMORY_RECALL	WHO,WHAT,WHERE,HOW	inside,under,on,between	and,but,remember	PASS_GPT5_6_SOL_DIRECT_REVIEW	pencil case inside bag; ruler under book; notebook on desk; eraser between notebook and pencil case	Ben tries to remember where he put his school things. The notebook is on the desk, and the pencil case is inside his bag. The eraser is between the notebook and the pencil case, but the ruler is under a book.
U04-NEB-E015	U04-NEB-MS05	CLASSROOM	SCHOOL_CLASSROOM_LEARNING	ASKING_LOCATION	WHO,WHAT,WHERE,WHY	at,under,between	but,and,ask for help	PASS_GPT5_6_SOL_DIRECT_REVIEW	Ben at desk; ruler under book; eraser between notebook and pencil case	Ben asks a classmate for help. He is at his desk, but the ruler is not easy to see. It is under a book, and the eraser is between the notebook and the pencil case.
U04-NEB-E016	U04-NEB-MS06	CLASSROOM	SCHOOL_CLASSROOM_LEARNING	TIDYING_UP	WHO,WHAT,WHERE,WHY,HOW	in,on,under,near	after,and,still	PASS_GPT5_6_SOL_DIRECT_REVIEW	Sara in classroom; books on shelf; ball under table; boxes near wall; poster on wall	Sara is tidying the classroom after an activity. Three books are on a shelf, and two boxes are near the wall. She sees a ball under the table and puts it away. A poster is still on the wall.
U04-NEB-E017	U04-NEB-MS06	CLASSROOM	SCHOOL_CLASSROOM_LEARNING	SCENE_DESCRIPTION	WHO,WHAT,WHERE	in,on,under,near	and,still	PASS_GPT5_6_SOL_DIRECT_REVIEW	Sara in classroom; books on shelf; ball under table; boxes near wall; poster on wall	Sara is in the classroom, and the room is almost tidy. The books are on a shelf, and two boxes are near the wall. One ball is still under a table, and a poster is on the wall.
U04-NEB-E018	U04-NEB-MS06	CLASSROOM	SCHOOL_CLASSROOM_LEARNING	PROBLEM_SOLUTION	WHO,WHAT,WHERE,WHY,HOW	on,under,near	and,already,so	PASS_GPT5_6_SOL_DIRECT_REVIEW	books on shelf; ball under table; boxes near wall	Sara wants to clear the floor. She notices a ball under the table and two boxes near the wall. The books are already on the shelf, so she only needs to move the ball.
U04-NEB-E019	U04-NEB-MS07	SCHOOL	SCHOOL_CLASSROOM_LEARNING	SCENE_DESCRIPTION	WHO,WHAT,WHERE	in,on,between,under,at	and,while	PASS_GPT5_6_SOL_DIRECT_REVIEW	Noah in school library; storybook on table; dictionary between notebooks; bag under chair; librarian at desk	Noah is in the school library. A storybook is on the table, and a dictionary is between two notebooks. His school bag is under the chair, while the librarian is at the desk.
U04-NEB-E020	U04-NEB-MS07	SCHOOL	SCHOOL_CLASSROOM_LEARNING	FINDING_SOMETHING	WHO,WHAT,WHERE,WHY,HOW	on,between,under	and,while	PASS_GPT5_6_SOL_DIRECT_REVIEW	storybook on table; dictionary between notebooks; bag under chair	Noah wants the dictionary for his homework. A storybook is on the table, and the dictionary is between two notebooks. His school bag stays under the chair while he reads.
U04-NEB-E021	U04-NEB-MS07	SCHOOL	SCHOOL_CLASSROOM_LEARNING	ASKING_LOCATION	WHO,WHAT,WHERE,WHY	at,under,near	so,and,while,ask	PASS_GPT5_6_SOL_DIRECT_REVIEW	bag under chair; librarian at desk; Noah near table	Noah cannot find a book, so he asks the librarian. She is at the desk, and Noah is near the table. His school bag is under the chair while he waits.
U04-NEB-E022	U04-NEB-MS08	SCHOOL	SCHOOL_CLASSROOM_LEARNING	ARRIVAL	WHO,WHAT,WHERE,WHEN	behind,near,at	and,in the morning,in front of,next to	PASS_GPT5_6_SOL_DIRECT_REVIEW	Lily in front of school; brother next to her; bus behind children; bags near feet; teacher at door	Lily and her brother are in front of the school in the morning. Her brother is next to her, and a bus is behind them. Their bags are near their feet, and a teacher is at the door.
U04-NEB-E023	U04-NEB-MS08	SCHOOL	SCHOOL_CLASSROOM_LEARNING	WAITING	WHO,WHAT,WHERE,WHEN,WHY	behind,near,at	and,while,wait for,next to	PASS_GPT5_6_SOL_DIRECT_REVIEW	brother next to Lily; bus behind children; bags near feet; teacher at door	Lily is waiting for the school door to open. Her brother stands next to her, and their bags are near their feet. The bus is behind the children, while a teacher is at the door.
U04-NEB-E024	U04-NEB-MS08	SCHOOL	SCHOOL_CLASSROOM_LEARNING	PICTURE_OBSERVATION	WHO,WHAT,WHERE	behind,near,at	and,in front of,there are	PASS_GPT5_6_SOL_DIRECT_REVIEW	children in front of school; bus behind them; bags near feet; teacher at door	There are two children in front of the school. A bus is behind them, and their bags are near their feet. The teacher at the door is ready to welcome them.
U04-NEB-E025	U04-NEB-MS09	SCHOOL	SCHOOL_CLASSROOM_LEARNING	SIMPLE_SEQUENCE	WHO,WHAT,WHERE,HOW	in,inside,on,under	and	PASS_GPT5_6_SOL_DIRECT_REVIEW	Ava in art room; brushes inside cup; paper on table; paint box under table; pictures on wall	Ava is in the art room. She puts the paper on the table and keeps the paint brushes inside a cup. The paint box is under the table, and two finished pictures are on the wall.
U04-NEB-E026	U04-NEB-MS09	SCHOOL	SCHOOL_CLASSROOM_LEARNING	GETTING_READY	WHO,WHAT,WHERE,WHY,HOW	inside,on,under	and,while,get ready	PASS_GPT5_6_SOL_DIRECT_REVIEW	brushes inside cup; paper on table; paint box under table; pictures on wall	Ava is getting ready to paint. The paper is on the table, and the brushes are inside a cup. She reaches under the table for the paint box while two pictures hang on the wall.
U04-NEB-E027	U04-NEB-MS09	SCHOOL	SCHOOL_CLASSROOM_LEARNING	GIVING_LOCATION	WHO,WHAT,WHERE	inside,on,under	and	PASS_GPT5_6_SOL_DIRECT_REVIEW	brushes inside cup; paper on table; paint box under table; pictures on wall	Ava tells a friend where the art things are. The brushes are inside the cup, the paper is on the table, and the paint box is under it. The finished pictures are on the wall.
U04-NEB-E028	U04-NEB-MS10	PARK	PARK_GARDEN_NATURE	SCENE_DESCRIPTION	WHO,WHAT,WHERE	at,on,behind,between,near	and,while	PASS_GPT5_6_SOL_DIRECT_REVIEW	children at playground; girl on swing; boy behind slide; ball between children; bags near bench	Two children are at the playground. The girl is on the swing, and the boy is behind the slide. Their ball is between them, while their bags are near a bench.
U04-NEB-E029	U04-NEB-MS10	PARK	PARK_GARDEN_NATURE	PLAYING_GAME	WHO,WHAT,WHERE,HOW	at,between,near,behind	and,while,next	PASS_GPT5_6_SOL_DIRECT_REVIEW	children at playground; ball between them; girl near swing; boy behind slide	The children are playing at the playground. Their ball is between them, ready for the next kick. The girl is near the swing, while the boy is behind the slide waiting for his turn.
U04-NEB-E030	U04-NEB-MS10	PARK	PARK_GARDEN_NATURE	DEPARTURE	WHO,WHAT,WHERE,WHEN,WHY	near,between,behind,on	still,while,almost	PASS_GPT5_6_SOL_DIRECT_REVIEW	bags near bench; ball between children; boy behind slide; girl on swing	It is almost time to leave the playground. The bags are still near the bench, and the ball is between the two children. The boy is behind the slide, while the girl is still on the swing.
U04-NEB-E031	U04-NEB-MS11	PARK	FOOD_CAFE_PICNIC	DAILY_ROUTINE	WHO,WHAT,WHERE,WHEN	at,under,on,inside,near	and,while,for a picnic	PASS_GPT5_6_SOL_DIRECT_REVIEW	family at park; mat under tree; basket on mat; bottles inside basket; dog near family	A family is at the park for a picnic. Their mat is under a tree, and a basket is on the mat. Two bottles are inside the basket, while the dog stays near the family.
U04-NEB-E032	U04-NEB-MS11	PARK	FOOD_CAFE_PICNIC	FINDING_SOMETHING	WHO,WHAT,WHERE,WHY,HOW	under,on,inside,near	inside,and,look	PASS_GPT5_6_SOL_DIRECT_REVIEW	mat under tree; basket on mat; bottles inside basket; dog near family	The family wants a drink. The basket is on the picnic mat under the tree. They look inside the basket and find two bottles there. The dog waits near them.
U04-NEB-E033	U04-NEB-MS11	PARK	FOOD_CAFE_PICNIC	PICTURE_OBSERVATION	WHO,WHAT,WHERE	under,on,inside,near	with,and	PASS_GPT5_6_SOL_DIRECT_REVIEW	mat under tree; basket on mat; bottles inside basket; dog near family	The picnic area is easy to see. A mat is under the tree, with a basket on it. Two bottles are inside the basket, and the family dog is near them.
U04-NEB-E034	U04-NEB-MS12	PARK	PARK_GARDEN_NATURE	PICTURE_OBSERVATION	WHO,WHAT,WHERE	in,between,near,behind	and,with	PASS_GPT5_6_SOL_DIRECT_REVIEW	Nina in garden; pond between trees; bench near pond; ducks in pond; bridge behind bench	Nina is in the garden. A pond lies between two trees, and three ducks are in the water. A bench is near the pond, with a small bridge behind it.
U04-NEB-E035	U04-NEB-MS12	PARK	PARK_GARDEN_NATURE	ARRIVAL	WHO,WHAT,WHERE,WHEN	between,in,behind,near	and,with	PASS_GPT5_6_SOL_DIRECT_REVIEW	pond between trees; ducks in pond; bridge behind bench; bench near pond	Nina walks into the garden and looks around. The pond is between two trees, and three ducks are in it. A bench is near the pond, with a small bridge behind it.
U04-NEB-E036	U04-NEB-MS12	PARK	PARK_GARDEN_NATURE	MEMORY_RECALL	WHO,WHAT,WHERE,HOW	between,near,behind,in	and,also,remember	PASS_GPT5_6_SOL_DIRECT_REVIEW	pond between trees; bench near pond; bridge behind bench; ducks in pond	Nina remembers the garden well. The pond is between two trees, the bench is near the water, and the small bridge is behind the bench. She also remembers the three ducks in the pond.
U04-NEB-E037	U04-NEB-MS13	SHOP	SHOP_MONEY_SERVICES	SHOPPING	WHO,WHAT,WHERE,WHY	in,inside,on,near	and,while,next to	PASS_GPT5_6_SOL_DIRECT_REVIEW	Tom in grocery shop; apples inside basket; bread on shelf; milk next to juice; bag near feet	Tom is in a grocery shop. The apples are inside a basket, and the bread is on a shelf. The milk is next to the juice, while Tom's bag is near his feet.
U04-NEB-E038	U04-NEB-MS13	SHOP	SHOP_MONEY_SERVICES	FINDING_SOMETHING	WHO,WHAT,WHERE,WHY,HOW	inside,on,near	look for,and,then,next to	PASS_GPT5_6_SOL_DIRECT_REVIEW	apples inside basket; bread on shelf; milk next to juice; bag near feet	Tom is looking for bread. He passes a basket with apples inside it and sees milk next to the juice. Then he finds the bread on a shelf. His bag stays near his feet.
U04-NEB-E039	U04-NEB-MS13	SHOP	SHOP_MONEY_SERVICES	ASKING_LOCATION	WHO,WHAT,WHERE,WHY	on,near	so,and,next to	PASS_GPT5_6_SOL_DIRECT_REVIEW	bread on shelf; milk next to juice; bag near feet	Tom cannot see the milk, so he asks a shop worker. She points to the juice and says the milk is next to it. The bread is on a shelf, and his bag is near his feet.
U04-NEB-E040	U04-NEB-MS14	SHOP	SHOP_MONEY_SERVICES	SCENE_DESCRIPTION	WHO,WHAT,WHERE	in,between,on,near,under	and,while	PASS_GPT5_6_SOL_DIRECT_REVIEW	Ella in bookshop; red book between blue books; comic on shelf; chair near window; box under table	Ella is in the bookshop. A red book is between two blue books, and a comic is on the top shelf. A reading chair is near the window, while a box is under a small table.
U04-NEB-E041	U04-NEB-MS14	SHOP	SHOP_MONEY_SERVICES	CHOICE	WHO,WHAT,WHERE,WHY	between,on,near	and,while	PASS_GPT5_6_SOL_DIRECT_REVIEW	red book between blue books; comic on shelf; chair near window	Ella is choosing a book. She sees the red book between two blue books and a comic on the top shelf. She sits in the chair near the window while she decides.
U04-NEB-E042	U04-NEB-MS14	SHOP	SHOP_MONEY_SERVICES	PICTURE_OBSERVATION	WHO,WHAT,WHERE,HOW	between,under,near	and,look around	PASS_GPT5_6_SOL_DIRECT_REVIEW	red book between blue books; box under table; chair near window	Ella looks around the bookshop. The red book is between two blue books, and the box is under the small table. A reading chair is near the window.
U04-NEB-E043	U04-NEB-MS15	SHOP	CLOTHING_PERSONAL_ITEMS	SHOPPING	WHO,WHAT,WHERE,WHY	in,on,under,behind,between	and,while	PASS_GPT5_6_SOL_DIRECT_REVIEW	Jack in clothes shop; coat on rack; shoes under bench; mirror behind Jack; hat between bags	Jack is in a clothes shop. A blue coat is on a rack, and the shoes are under a bench. A mirror is behind Jack, while a hat is between two bags.
U04-NEB-E044	U04-NEB-MS15	SHOP	CLOTHING_PERSONAL_ITEMS	CHOICE	WHO,WHAT,WHERE,WHY,HOW	on,behind,between	and,so,turn around	PASS_GPT5_6_SOL_DIRECT_REVIEW	coat on rack; mirror behind Jack; hat between bags	Jack wants something warm to wear. He sees a blue coat on the rack and a hat between two bags. The mirror is behind him, so he turns around to check the coat.
U04-NEB-E045	U04-NEB-MS15	SHOP	CLOTHING_PERSONAL_ITEMS	ASKING_LOCATION	WHO,WHAT,WHERE,WHY	under,on,between	and,still	PASS_GPT5_6_SOL_DIRECT_REVIEW	shoes under bench; coat on rack; hat between bags	Jack asks where the shoes are. The shop worker points to the bench, and Jack sees them under it. The blue coat is still on the rack, and the hat is between two bags.
U04-NEB-E046	U04-NEB-MS16	TRANSPORT	TRANSPORT_TRAVEL	WAITING	WHO,WHAT,WHERE,WHEN,WHY	at,on,near	and,in the morning,in front of	PASS_GPT5_6_SOL_DIRECT_REVIEW	Maya at bus stop; backpack on bench; timetable on wall; bin near bench; bus in front of stop	Maya is at the bus stop in the morning. Her backpack is on the bench, and the timetable is on the wall. A bin is near the bench, and the bus is in front of the stop.
U04-NEB-E047	U04-NEB-MS16	TRANSPORT	TRANSPORT_TRAVEL	CHECKING_INFORMATION	WHO,WHAT,WHERE,WHY,HOW	on,near	before,and,until,in front of	PASS_GPT5_6_SOL_DIRECT_REVIEW	timetable on wall; backpack on bench; bin near bench; bus in front of stop	Maya checks the bus time before school. The timetable is on the wall, and her backpack is on the bench. A bin is near the bench. She waits until the bus arrives in front of the stop.
U04-NEB-E048	U04-NEB-MS16	TRANSPORT	TRANSPORT_TRAVEL	DEPARTURE	WHO,WHAT,WHERE,WHEN	at,on	and,in front of	PASS_GPT5_6_SOL_DIRECT_REVIEW	Maya at bus stop; backpack on bench; timetable on wall; bus in front of stop	The bus is ready to leave. Maya is at the stop, and her backpack is on the bench. The timetable is on the wall, and the bus is in front of the stop.
U04-NEB-E049	U04-NEB-MS17	TRANSPORT	TRANSPORT_TRAVEL	ARRIVAL	WHO,WHAT,WHERE,WHEN	at,near,on,inside	next to,and,there is	PASS_GPT5_6_SOL_DIRECT_REVIEW	Owen at station; suitcase next to him; machine near entrance; clock on wall; cafe inside station	Owen is at the train station early. His suitcase is next to him, and a ticket machine is near the entrance. A clock is on the wall, and there is a small cafe inside the station.
U04-NEB-E050	U04-NEB-MS17	TRANSPORT	TRANSPORT_TRAVEL	FINDING_SOMETHING	WHO,WHAT,WHERE,WHY,HOW	near,on,inside	before,and,next to	PASS_GPT5_6_SOL_DIRECT_REVIEW	suitcase next to Owen; machine near entrance; clock on wall; cafe inside station	Owen needs a ticket before the train arrives. He sees the machine near the entrance and keeps his suitcase next to him. The clock is on the wall, and the cafe is inside the station.
U04-NEB-E051	U04-NEB-MS17	TRANSPORT	TRANSPORT_TRAVEL	WAITING	WHO,WHAT,WHERE,WHEN,WHY	near,on,inside	while,next to,and	PASS_GPT5_6_SOL_DIRECT_REVIEW	suitcase next to Owen; machine near entrance; clock on wall; cafe inside station	Owen is waiting for his train. His suitcase stays next to him while he looks at the clock on the wall. The cafe is inside the station, and the ticket machine is near the entrance.
U04-NEB-E052	U04-NEB-MS18	TRANSPORT	TRANSPORT_TRAVEL	ARRIVAL	WHO,WHAT,WHERE,WHEN	at,between,near,inside,behind	after,and,while	PASS_GPT5_6_SOL_DIRECT_REVIEW	family at parking area; car between white cars; trolley near car; bags inside car; Dad behind car	A family is at the parking area after shopping. Their car is between two white cars, and a trolley is near it. Two bags are inside the car, while Dad is behind it closing the boot.
U04-NEB-E053	U04-NEB-MS18	TRANSPORT	TRANSPORT_TRAVEL	FINDING_SOMETHING	WHO,WHAT,WHERE,WHY,HOW	between,near,behind,inside	look for,with,and,already	PASS_GPT5_6_SOL_DIRECT_REVIEW	car between white cars; trolley near car; Dad behind car; bags inside car	The family is looking for their car. It is between two white cars, with a trolley near it. Dad walks behind the car and sees the bags already inside the car.
U04-NEB-E054	U04-NEB-MS18	TRANSPORT	TRANSPORT_TRAVEL	DEPARTURE	WHO,WHAT,WHERE,WHEN,WHY	inside,behind,between,near	and,with,go home	PASS_GPT5_6_SOL_DIRECT_REVIEW	bags inside car; Dad behind car; car between white cars; trolley near car	The family is ready to go home. The bags are inside the car, and Dad is behind it for one last check. Their car is between two white cars, with the trolley near the car.
U04-NEB-E055	U04-NEB-MS19	PUBLIC_PLACE	FOOD_CAFE_PICNIC	SCENE_DESCRIPTION	WHO,WHAT,WHERE	at,on,under,between	and,while,in front of	PASS_GPT5_6_SOL_DIRECT_REVIEW	Grace at cafe; cup on table; bag under chair; menu between cup and plate; counter in front of kitchen	Grace is at a cafe. Her cup is on the table, and her bag is under the chair. A menu is between the cup and a plate, while the counter is in front of the kitchen.
U04-NEB-E056	U04-NEB-MS19	PUBLIC_PLACE	FOOD_CAFE_PICNIC	FINDING_SOMETHING	WHO,WHAT,WHERE,WHY,HOW	on,under,between	again,and,in front of	PASS_GPT5_6_SOL_DIRECT_REVIEW	cup on table; bag under chair; menu between cup and plate; counter in front of kitchen	Grace wants to check the menu again. It is between her cup and the plate on the table. Her bag is under the chair, and the counter is in front of the kitchen.
U04-NEB-E057	U04-NEB-MS19	PUBLIC_PLACE	FOOD_CAFE_PICNIC	DEPARTURE	WHO,WHAT,WHERE,WHEN,WHY	on,under,between	still,but,before	PASS_GPT5_6_SOL_DIRECT_REVIEW	cup on table; bag under chair; menu between cup and plate	Grace is ready to leave the cafe. Her cup is still on the table, but her bag is under the chair. She checks between the cup and the plate for the menu before she stands up.
U04-NEB-E058	U04-NEB-MS20	PUBLIC_PLACE	TOWN_PUBLIC_PLACES	ARRIVAL	WHO,WHAT,WHERE,WHEN	at,inside,near,on	and,with,in front of	PASS_GPT5_6_SOL_DIRECT_REVIEW	Sam at museum; map inside bag; ticket desk near entrance; picture on wall; statues in front of stairs	Sam is at the museum with his family. A map is inside his bag, and the ticket desk is near the entrance. A large picture is on the wall, and two statues are in front of the stairs.
U04-NEB-E059	U04-NEB-MS20	PUBLIC_PLACE	TOWN_PUBLIC_PLACES	FINDING_SOMETHING	WHO,WHAT,WHERE,WHY,HOW	inside,near	and,while,in front of	PASS_GPT5_6_SOL_DIRECT_REVIEW	map inside bag; ticket desk near entrance; statues in front of stairs	Sam needs the museum map. He opens his bag and finds the map inside it. The ticket desk is near the entrance, while two statues are in front of the stairs.
U04-NEB-E060	U04-NEB-MS20	PUBLIC_PLACE	TOWN_PUBLIC_PLACES	PICTURE_OBSERVATION	WHO,WHAT,WHERE	at,on,near	and,in front of	PASS_GPT5_6_SOL_DIRECT_REVIEW	Sam at museum entrance; picture on wall; statues in front of stairs; ticket desk near door	At the museum entrance, Sam notices several things. A large picture is on the wall, two statues are in front of the stairs, and the ticket desk is near the door.
U04-NEB-E061	U04-NEB-MS21	PUBLIC_PLACE	TOWN_PUBLIC_PLACES	WAITING	WHO,WHAT,WHERE,WHY	at,on,inside,behind	with,next to,and,while	PASS_GPT5_6_SOL_DIRECT_REVIEW	Ivy at clinic; mother next to her; magazine on table; bottle inside bag; nurse behind desk	Ivy is at the clinic with her mother. Her mother is next to her, and a magazine is on the small table. A water bottle is inside Ivy's bag, while the nurse is behind the desk.
U04-NEB-E062	U04-NEB-MS21	PUBLIC_PLACE	TOWN_PUBLIC_PLACES	FINDING_SOMETHING	WHO,WHAT,WHERE,WHY,HOW	inside,behind	while,so,next to,and	PASS_GPT5_6_SOL_DIRECT_REVIEW	mother next to Ivy; bottle inside bag; nurse behind desk	Ivy feels thirsty while she waits. The water bottle is inside her bag, so she takes it out. Her mother is next to her, and the nurse is behind the desk.
U04-NEB-E063	U04-NEB-MS21	PUBLIC_PLACE	TOWN_PUBLIC_PLACES	PICTURE_OBSERVATION	WHO,WHAT,WHERE	on,inside,behind	with,and	PASS_GPT5_6_SOL_DIRECT_REVIEW	magazine on table; bottle inside bag; nurse behind desk	The clinic is quiet. Ivy and her mother sit together, with the magazine on a small table. The nurse is behind the desk, and Ivy's water bottle is inside her bag.
U04-NEB-E064	U04-NEB-MS22	FOOD	KITCHEN_DINING	DAILY_ROUTINE	WHO,WHAT,WHERE,WHEN	at,on,between,near	before,and,next to,while	PASS_GPT5_6_SOL_DIRECT_REVIEW	Max at breakfast table; bowl on table; spoon next to bowl; banana between bowl and cup; bag near door	Max is at the breakfast table before school. His bowl is on the table, and a spoon is next to it. A banana is between the bowl and a cup, while his school bag is near the door.
U04-NEB-E065	U04-NEB-MS22	FOOD	KITCHEN_DINING	GETTING_READY	WHO,WHAT,WHERE,WHEN,WHY	on,near	and,still,next to,so,get ready	PASS_GPT5_6_SOL_DIRECT_REVIEW	bowl on table; spoon next to bowl; bag near door	Max finishes breakfast and gets ready to leave. The bowl is still on the table, with the spoon next to it. His school bag is near the door, so he can pick it up on the way out.
U04-NEB-E066	U04-NEB-MS22	FOOD	KITCHEN_DINING	CHOICE	WHO,WHAT,WHERE,WHY	on,between	and,next to,before	PASS_GPT5_6_SOL_DIRECT_REVIEW	bowl on table; spoon next to bowl; banana between bowl and cup	Max looks at the food on the table. The banana is between his bowl and the cup, and the spoon is next to the bowl. He chooses the banana before he leaves for school.
U04-NEB-E067	U04-NEB-MS23	FOOD	FOOD_CAFE_PICNIC	SCENE_DESCRIPTION	WHO,WHAT,WHERE	at,inside,on,between,under	and,while	PASS_GPT5_6_SOL_DIRECT_REVIEW	Zoe at picnic table; sandwiches inside lunch box; apples on plate; bottle between cups; lunch box under bag	Zoe is at a picnic table. The sandwiches are inside a lunch box, and the apples are on a plate. A bottle is between two cups, while the lunch box is under a small bag.
U04-NEB-E068	U04-NEB-MS23	FOOD	FOOD_CAFE_PICNIC	FINDING_SOMETHING	WHO,WHAT,WHERE,WHY,HOW	inside,on,under	and	PASS_GPT5_6_SOL_DIRECT_REVIEW	sandwiches inside lunch box; apples on plate; lunch box under bag	Zoe wants a sandwich. She finds the lunch box under a small bag and opens it. The sandwiches are inside the lunch box, and the apples are on a plate.
U04-NEB-E069	U04-NEB-MS23	FOOD	FOOD_CAFE_PICNIC	SIMPLE_SEQUENCE	WHO,WHAT,WHERE,HOW	on,between,inside	first,then,and	PASS_GPT5_6_SOL_DIRECT_REVIEW	apples on plate; bottle between cups; sandwiches inside lunch box	Zoe gets the picnic food ready. First, she puts the apples on a plate. Then she places a bottle between two cups and keeps the sandwiches inside the lunch box.
U04-NEB-E070	U04-NEB-MS24	FOOD	KITCHEN_DINING	DAILY_ROUTINE	WHO,WHAT,WHERE,WHEN	at,inside,between,behind	and,next to,while	PASS_GPT5_6_SOL_DIRECT_REVIEW	Ethan at lunch table; sandwich inside box; apple next to box; drink between apple and spoon; jacket behind chair	Ethan is at the lunch table. A sandwich is inside his lunch box, and an apple is next to it. His drink is between the apple and a spoon, while his jacket is behind the chair.
U04-NEB-E071	U04-NEB-MS24	FOOD	KITCHEN_DINING	FINDING_SOMETHING	WHO,WHAT,WHERE,WHY,HOW	inside,behind	because,and,next to	PASS_GPT5_6_SOL_DIRECT_REVIEW	sandwich inside box; apple next to box; jacket behind chair	Ethan opens his lunch box because he is hungry. The sandwich is inside the lunch box, and the apple is next to it. He looks behind the chair and sees his jacket there.
U04-NEB-E072	U04-NEB-MS24	FOOD	KITCHEN_DINING	CHOICE	WHO,WHAT,WHERE,WHY	inside,between	and,next to,later	PASS_GPT5_6_SOL_DIRECT_REVIEW	sandwich inside box; apple next to box; drink between apple and spoon	Ethan decides what to eat first. The sandwich is inside the lunch box, and the apple is next to it. His drink is between the apple and the spoon, ready for later.
U04-NEB-E073	U04-NEB-MS25	CLOTHES	CLOTHING_PERSONAL_ITEMS	GETTING_READY	WHO,WHAT,WHERE,WHEN,WHY	in,on,under,inside,behind	get ready,and,while	PASS_GPT5_6_SOL_DIRECT_REVIEW	Chloe in bedroom; sweater on bed; shoes under chair; scarf inside drawer; coat behind door	Chloe is in her bedroom getting ready to go out. Her sweater is on the bed, and her shoes are under a chair. The scarf is inside a drawer, while her coat is behind the door.
U04-NEB-E074	U04-NEB-MS25	CLOTHES	CLOTHING_PERSONAL_ITEMS	FINDING_SOMETHING	WHO,WHAT,WHERE,WHY,HOW	on,under,inside,behind	and,then	PASS_GPT5_6_SOL_DIRECT_REVIEW	sweater on bed; shoes under chair; scarf inside drawer; coat behind door	Chloe cannot find her scarf. Her sweater is on the bed, and her shoes are under the chair. Then she opens a drawer and finds the scarf inside it. Her coat is behind the door.
U04-NEB-E075	U04-NEB-MS25	CLOTHES	CLOTHING_PERSONAL_ITEMS	SIMPLE_SEQUENCE	WHO,WHAT,WHERE,HOW	on,inside,under,behind	and,then	PASS_GPT5_6_SOL_DIRECT_REVIEW	sweater on bed; scarf inside drawer; shoes under chair; coat behind door	Chloe gets dressed one thing at a time. She takes the sweater from the bed and the scarf from inside the drawer. Then she gets her shoes from under the chair and her coat from behind the door.
U04-NEB-E076	U04-NEB-MS26	CLOTHES	CLOTHING_PERSONAL_ITEMS	DEPARTURE	WHO,WHAT,WHERE,WHEN,WHY	at,on,under,inside,near	and,while	PASS_GPT5_6_SOL_DIRECT_REVIEW	Ryan at front door; coat on hook; shoes under bench; cap inside backpack; umbrella near door	Ryan is at the front door, ready to leave. His coat is on a hook, and his shoes are under a bench. His cap is inside the backpack, while an umbrella is near the door.
U04-NEB-E077	U04-NEB-MS26	CLOTHES	CLOTHING_PERSONAL_ITEMS	GETTING_READY	WHO,WHAT,WHERE,WHY,HOW	on,under,inside,near	before,and	PASS_GPT5_6_SOL_DIRECT_REVIEW	coat on hook; shoes under bench; cap inside backpack; umbrella near door	Ryan checks his things before he goes outside. He takes the coat from the hook and finds his shoes under the bench. His cap is inside the backpack, and the umbrella is near the door.
U04-NEB-E078	U04-NEB-MS26	CLOTHES	CLOTHING_PERSONAL_ITEMS	MEMORY_RECALL	WHO,WHAT,WHERE,HOW	on,under,inside,near	and,also,remember	PASS_GPT5_6_SOL_DIRECT_REVIEW	coat on hook; shoes under bench; cap inside backpack; umbrella near door	Ryan remembers where everything is. The coat is on the hook, the shoes are under the bench, and the cap is inside his backpack. He also knows the umbrella is near the door.
U04-NEB-E079	U04-NEB-MS27	CLOTHES	CLOTHING_PERSONAL_ITEMS	TIDYING_UP	WHO,WHAT,WHERE,WHY,HOW	in,inside,on,between,under	and,while,put away	PASS_GPT5_6_SOL_DIRECT_REVIEW	Mum in laundry room; shirts inside basket; socks on shelf; towel between shirts; empty basket under table	Mum is in the laundry room putting clothes away. Clean shirts are inside a basket, and the socks are on a shelf. A towel is between two shirts, while an empty basket is under the table.
U04-NEB-E080	U04-NEB-MS27	CLOTHES	CLOTHING_PERSONAL_ITEMS	FINDING_SOMETHING	WHO,WHAT,WHERE,WHY,HOW	inside,on,between,under	look for,and,already	PASS_GPT5_6_SOL_DIRECT_REVIEW	shirts inside basket; socks on shelf; towel between shirts; basket under table	Mum is looking for a towel. She checks the basket with the clean shirts inside it and finds the towel between two of them. The socks are already on the shelf, and an empty basket is under the table.
U04-NEB-E081	U04-NEB-MS27	CLOTHES	CLOTHING_PERSONAL_ITEMS	SIMPLE_SEQUENCE	WHO,WHAT,WHERE,HOW	inside,on,under	first,then,and	PASS_GPT5_6_SOL_DIRECT_REVIEW	shirts inside basket; socks on shelf; empty basket under table	Mum finishes the laundry. First, she puts the clean shirts inside the basket. Then she puts the socks on the shelf and slides the empty basket under the table.
U04-NEB-E082	U04-NEB-MS28	TOYS	HOME_BEDROOM_LIVING	SCENE_DESCRIPTION	WHO,WHAT,WHERE	in,on,inside,under,between	and,while	PASS_GPT5_6_SOL_DIRECT_REVIEW	Daniel in playroom; train on floor; bear inside box; puzzle under table; cars between train and box	Daniel is in the playroom. A train is on the floor, and a teddy bear is inside the toy box. A puzzle is under the table, while two cars are between the train and the box.
U04-NEB-E083	U04-NEB-MS28	TOYS	HOME_BEDROOM_LIVING	FINDING_SOMETHING	WHO,WHAT,WHERE,WHY,HOW	on,inside,under	and	PASS_GPT5_6_SOL_DIRECT_REVIEW	train on floor; bear inside box; puzzle under table	Daniel wants to finish his puzzle. The train is on the floor, and the teddy bear is inside the toy box. He looks under the table and finds the puzzle there.
U04-NEB-E084	U04-NEB-MS28	TOYS	HOME_BEDROOM_LIVING	TIDYING_UP	WHO,WHAT,WHERE,WHY,HOW	on,inside,under,between	but,still,and	PASS_GPT5_6_SOL_DIRECT_REVIEW	bear inside box; train on floor; cars between train and box; puzzle under table	Daniel is putting the toys away. He puts the teddy bear inside the toy box, but the train is still on the floor. Two cars are between the train and the box, and the puzzle is under the table.
U04-NEB-E085	U04-NEB-MS29	TOYS	HOME_BEDROOM_LIVING	FINDING_SOMETHING	WHO,WHAT,WHERE,WHY,HOW	near,inside,behind,under,on	but,and,look for	PASS_GPT5_6_SOL_DIRECT_REVIEW	Liam near toy box; blocks inside box; robot behind box; ball under chair; plane on shelf	Liam is near the toy box looking for his robot. The building blocks are inside the box, but the robot is behind it. A ball is under the chair, and a toy plane is on the shelf.
U04-NEB-E086	U04-NEB-MS29	TOYS	HOME_BEDROOM_LIVING	MEMORY_RECALL	WHO,WHAT,WHERE,HOW	on,under,inside,behind	and,then,remember	PASS_GPT5_6_SOL_DIRECT_REVIEW	plane on shelf; ball under chair; blocks inside box; robot behind box	Liam tries to remember where he left his toys. The plane is on the shelf, the ball is under the chair, and the blocks are inside the toy box. Then he remembers that the robot is behind the box.
U04-NEB-E087	U04-NEB-MS29	TOYS	HOME_BEDROOM_LIVING	GIVING_LOCATION	WHO,WHAT,WHERE	inside,behind,on,under	and,nearby	PASS_GPT5_6_SOL_DIRECT_REVIEW	blocks inside box; robot behind box; plane on shelf; ball under chair	Liam tells his sister where the toys are. The blocks are inside the box, the robot is behind it, and the plane is on the shelf. The ball is under the chair nearby.
U04-NEB-E088	U04-NEB-MS30	TOYS	SPORTS_PLAY	PLAYING_GAME	WHO,WHAT,WHERE,HOW	at,between,on,inside	and,while,in front of	PASS_GPT5_6_SOL_DIRECT_REVIEW	Amy and Jay at play table; red block between blue blocks; house on table; blocks inside box; car in front of house	Amy and Jay are at the play table building a small town. A red block is between two blue blocks, and the toy house is on the table. Extra blocks are inside a box, while a small car is in front of the house.
U04-NEB-E089	U04-NEB-MS30	TOYS	SPORTS_PLAY	SIMPLE_SEQUENCE	WHO,WHAT,WHERE,HOW	between,on	first,then,and,in front of	PASS_GPT5_6_SOL_DIRECT_REVIEW	red block between blue blocks; house on table; car in front of house	Amy and Jay build the scene step by step. First, they put the toy house on the table. Then they place the red block between two blue blocks and the car in front of the house.
U04-NEB-E090	U04-NEB-MS30	TOYS	SPORTS_PLAY	CHOICE	WHO,WHAT,WHERE,WHY	inside,between	but,already,in front of	PASS_GPT5_6_SOL_DIRECT_REVIEW	blocks inside box; red block between blue blocks; car in front of house	The children need one more block for the game. Extra blocks are inside the box, but the red block is already between two blue ones. The small car is in front of the toy house.
U04-NEB-E091	U04-NEB-MS31	ANIMALS	PETS_FARM_ZOO	DAILY_ROUTINE	WHO,WHAT,WHERE,WHEN,WHY	in,inside,near,behind	and,with,while	PASS_GPT5_6_SOL_DIRECT_REVIEW	Sophie in living room; rabbit inside pen; bowl near pen; toy inside pen; cat behind sofa	Sophie is in the living room checking her pets. The rabbit is inside its pen, and a food bowl is near the pen. A toy is inside the pen with the rabbit, while the cat is behind the sofa.
U04-NEB-E092	U04-NEB-MS31	ANIMALS	PETS_FARM_ZOO	FINDING_SOMETHING	WHO,WHAT,WHERE,WHY,HOW	inside,near,behind	at first,and,then	PASS_GPT5_6_SOL_DIRECT_REVIEW	rabbit inside pen; bowl near pen; cat behind sofa	Sophie cannot see the cat at first. The rabbit is inside its pen, and the food bowl is near the pen. Then Sophie looks behind the sofa and finds the cat there.
U04-NEB-E093	U04-NEB-MS31	ANIMALS	PETS_FARM_ZOO	PICTURE_OBSERVATION	WHO,WHAT,WHERE	inside,behind,near	and,but	PASS_GPT5_6_SOL_DIRECT_REVIEW	rabbit and toy inside pen; cat behind sofa; bowl near pen	The pet corner has two different spaces. The rabbit and its toy are inside the pen, but the cat is behind the sofa. The food bowl is near the pen.
U04-NEB-E094	U04-NEB-MS32	ANIMALS	PETS_FARM_ZOO	ARRIVAL	WHO,WHAT,WHERE,WHEN	at,in,near,between	and,while,in front of	PASS_GPT5_6_SOL_DIRECT_REVIEW	family at zoo; monkeys in enclosure; keeper in front of enclosure; sign near gate; bench between trees	A family is at the zoo for the morning. Two monkeys are in an enclosure, and a keeper is in front of it. A sign is near the gate, while a bench is between two trees.
U04-NEB-E095	U04-NEB-MS32	ANIMALS	PETS_FARM_ZOO	PICTURE_OBSERVATION	WHO,WHAT,WHERE	in,between,near	and,in front of	PASS_GPT5_6_SOL_DIRECT_REVIEW	monkeys in enclosure; keeper in front of gate; bench between trees near path	The family stops to watch the monkeys. The animals are in the enclosure, and the keeper is in front of the gate. A bench between two trees is near the path.
U04-NEB-E096	U04-NEB-MS32	ANIMALS	PETS_FARM_ZOO	FINDING_SOMETHING	WHO,WHAT,WHERE,WHY,HOW	near,between	and,look around	PASS_GPT5_6_SOL_DIRECT_REVIEW	sign near gate; bench between trees; monkey enclosure nearby	The family wants a place to sit. They see a sign near the gate and look around. A bench is between two trees, not far from the monkey enclosure.
U04-NEB-E097	U04-NEB-MS33	ANIMALS	PETS_FARM_ZOO	SCENE_DESCRIPTION	WHO,WHAT,WHERE	at,inside,behind,near,between	and,while	PASS_GPT5_6_SOL_DIRECT_REVIEW	Ben and Mia at farm; goats inside field; tractor behind barn; bucket near gate; chickens between barn and fence	Ben and Mia are at a farm. Two goats are inside a small field, and a tractor is behind the barn. A bucket is near the gate, while three chickens are between the barn and the fence.
U04-NEB-E098	U04-NEB-MS33	ANIMALS	PETS_FARM_ZOO	PICTURE_OBSERVATION	WHO,WHAT,WHERE	inside,behind,between,near	and	PASS_GPT5_6_SOL_DIRECT_REVIEW	goats inside field; chickens between barn and fence; tractor behind barn; bucket near gate	The children look across the farm. The goats are inside the field, and the chickens are between the barn and the fence. The tractor is behind the barn, and a bucket is near the gate.
U04-NEB-E099	U04-NEB-MS33	ANIMALS	PETS_FARM_ZOO	FINDING_SOMETHING	WHO,WHAT,WHERE,WHY,HOW	inside,behind,near	look for,and,then	PASS_GPT5_6_SOL_DIRECT_REVIEW	goats inside field; tractor behind barn; bucket near gate	Mia is looking for the bucket. She sees the goats inside the field and the tractor behind the barn. Then Ben points to the bucket near the gate.
U04-NEB-E100	U04-NEB-MS34	DAILY_ROUTINE	HOME_BEDROOM_LIVING	GETTING_READY	WHO,WHAT,WHERE,WHEN,WHY,HOW	at,on,under,inside,near	get ready,and,while	PASS_GPT5_6_SOL_DIRECT_REVIEW	James at front door; bag on chair; shoes under chair; lunch box inside bag; coat near door	James is at the front door getting ready for school. His school bag is on a chair, and his shoes are under it. The lunch box is inside the bag, while his coat is near the door.
U04-NEB-E101	U04-NEB-MS34	DAILY_ROUTINE	HOME_BEDROOM_LIVING	SIMPLE_SEQUENCE	WHO,WHAT,WHERE,WHEN,HOW	on,under,inside	before,first,then,and	PASS_GPT5_6_SOL_DIRECT_REVIEW	bag on chair; shoes under chair; lunch box inside bag	James checks everything before he leaves. First, he takes the shoes from under the chair. Then he picks up the bag from the chair and checks that the lunch box is inside the bag.
U04-NEB-E102	U04-NEB-MS34	DAILY_ROUTINE	HOME_BEDROOM_LIVING	PROBLEM_SOLUTION	WHO,WHAT,WHERE,WHY,HOW	on,under,near	but,and,then	PASS_GPT5_6_SOL_DIRECT_REVIEW	bag on chair; shoes under chair; coat near door	James is ready to go, but he cannot see his coat. His bag is on the chair and his shoes are under it. Then he notices the coat near the door and puts it on.
U04-NEB-E103	U04-NEB-MS35	DAILY_ROUTINE	HOME_BEDROOM_LIVING	ARRIVAL	WHO,WHAT,WHERE,WHEN	at,on,near,inside,under	after,and,while	PASS_GPT5_6_SOL_DIRECT_REVIEW	Lucy at home; backpack on chair; shoes near door; homework book inside backpack; cat under table	Lucy is at home after school. Her backpack is on a chair, and her shoes are near the door. Her homework book is inside the backpack, while the family cat is under the table.
U04-NEB-E104	U04-NEB-MS35	DAILY_ROUTINE	HOME_BEDROOM_LIVING	DAILY_ROUTINE	WHO,WHAT,WHERE,WHEN,WHY	on,near,inside,under	after,and,while	PASS_GPT5_6_SOL_DIRECT_REVIEW	backpack on chair; shoes near door; homework book inside backpack; cat under table	After school, Lucy puts her backpack on a chair and leaves her shoes near the door. Her homework book stays inside the bag. The cat waits under the table while she gets a drink.
U04-NEB-E105	U04-NEB-MS35	DAILY_ROUTINE	HOME_BEDROOM_LIVING	FINDING_SOMETHING	WHO,WHAT,WHERE,WHY,HOW	on,inside,under	inside,and,so,nearby	PASS_GPT5_6_SOL_DIRECT_REVIEW	backpack on chair; homework book inside backpack; cat under table	Lucy needs her homework book. Her backpack is on the chair, so she opens it. The book is inside the bag, and the cat is under the table nearby.
U04-NEB-E106	U04-NEB-MS36	DAILY_ROUTINE	HOME_BEDROOM_LIVING	DAILY_ROUTINE	WHO,WHAT,WHERE,WHEN	in,on,under,near	and,while,at bedtime	PASS_GPT5_6_SOL_DIRECT_REVIEW	Olivia in bedroom; book on bedside table; slippers under bed; night light near bed; school clothes on chair	Olivia is in her bedroom at bedtime. A book is on the bedside table, and her slippers are under the bed. A night light is near the bed, while her school clothes are on a chair for the morning.
U04-NEB-E107	U04-NEB-MS36	DAILY_ROUTINE	HOME_BEDROOM_LIVING	GETTING_READY	WHO,WHAT,WHERE,WHEN,WHY	on,under	get ready,and,morning	PASS_GPT5_6_SOL_DIRECT_REVIEW	book on bedside table; slippers under bed; school clothes on chair	Olivia is getting ready to sleep. She leaves her book on the bedside table and puts her slippers under the bed. Her school clothes are on a chair, ready for the morning.
U04-NEB-E108	U04-NEB-MS36	DAILY_ROUTINE	HOME_BEDROOM_LIVING	SIMPLE_SEQUENCE	WHO,WHAT,WHERE,WHEN,HOW	on,under,near	before,first,then,and	PASS_GPT5_6_SOL_DIRECT_REVIEW	book on bedside table; slippers under bed; night light near bed	Before bed, Olivia checks her room. First, she puts the book on the bedside table. Then she places her slippers under the bed and looks at the night light near the bed.
